SITE,YEAR,RING,CO2,NFERT,BLOCK,SPECIES,TRTYEAR,Nup,NPP,myc
ORNL,1998,1,elev,,1,SG,1,6.4412052,2197,am
ORNL,1998,2,elev,,1,SG,1,6.9392118,2219,am
ORNL,1998,3,amb,,1,SG,1,6.3700734,1761,am
ORNL,1998,4,amb,,1,SG,1,6.8162436,1870,am
ORNL,1998,5,amb,,1,SG,1,4.8398248,1683,am
ORNL,1999,1,elev,,1,SG,2,7.03259,2086,am
ORNL,1999,2,elev,,1,SG,2,7.4737605,2188,am
ORNL,1999,3,amb,,1,SG,2,5.7915812,1704,am
ORNL,1999,4,amb,,1,SG,2,8.2098567,2152,am
ORNL,1999,5,amb,,1,SG,2,5.6077062,1728,am
ORNL,2000,1,elev,,1,SG,3,9.4576972,2646,am
ORNL,2000,2,elev,,1,SG,3,7.5096049,2501,am
ORNL,2000,3,amb,,1,SG,3,5.9386624,1956,am
ORNL,2000,4,amb,,1,SG,3,7.868018,2279,am
ORNL,2000,5,amb,,1,SG,3,8.397162,2181,am
ORNL,2001,1,elev,,1,SG,4,12.085675,3221,am
ORNL,2001,2,elev,,1,SG,4,7.1364644,2313,am
ORNL,2001,3,amb,,1,SG,4,5.6249122,1861,am
ORNL,2001,4,amb,,1,SG,4,7.483332,2360,am
ORNL,2001,5,amb,,1,SG,4,9.3958755,2406,am
ORNL,2002,1,elev,,1,SG,5,10.79245,2808,am
ORNL,2002,2,elev,,1,SG,5,7.750952,2397,am
ORNL,2002,3,amb,,1,SG,5,6.1572348,1833,am
ORNL,2002,4,amb,,1,SG,5,6.9676596,2090,am
ORNL,2002,5,amb,,1,SG,5,6.85116,1943,am
ORNL,2003,1,elev,,1,SG,6,7.4386376,2330,am
ORNL,2003,2,elev,,1,SG,6,7.017364,2469,am
ORNL,2003,3,amb,,1,SG,6,5.8815116,2003,am
ORNL,2003,4,amb,,1,SG,6,6.370771,2351,am
ORNL,2003,5,amb,,1,SG,6,6.694148,2014,am
ORNL,2004,1,elev,,1,SG,7,7.915398,2047.7,am
ORNL,2004,2,elev,,1,SG,7,6.9361102,2178.5,am
ORNL,2004,3,amb,,1,SG,7,6.2528734,1692.1,am
ORNL,2004,4,amb,,1,SG,7,6.1308573,1879.9,am
ORNL,2004,5,amb,,1,SG,7,7.154955,1741.1,am
ORNL,2005,1,elev,,1,SG,8,6.5905016,1908.5,am
ORNL,2005,2,elev,,1,SG,8,6.5465507,1861.1,am
ORNL,2005,3,amb,,1,SG,8,5.1471975,1500.5,am
ORNL,2005,4,amb,,1,SG,8,5.6689557,1892.5,am
ORNL,2005,5,amb,,1,SG,8,5.4652798,1435.5,am
ORNL,2006,1,elev,,1,SG,9,4.4249714,1434.6,am
ORNL,2006,2,elev,,1,SG,9,4.801846,1568.9,am
ORNL,2006,3,amb,,1,SG,9,4.0656523,1413.2,am
ORNL,2006,4,amb,,1,SG,9,3.8569856,1397.1,am
ORNL,2006,5,amb,,1,SG,9,4.1830846,1233.1,am
ORNL,2007,1,elev,,1,SG,10,4.1733267,1396.5,am
ORNL,2007,2,elev,,1,SG,10,4.882182,1600.9,am
ORNL,2007,3,amb,,1,SG,10,4.1981521,1363.9,am
ORNL,2007,4,amb,,1,SG,10,3.8844702,1440.6,am
ORNL,2007,5,amb,,1,SG,10,5.0794675,1327.6,am
ORNL,2008,1,elev,,1,SG,11,3.3258621,1184.7,am
ORNL,2008,2,elev,,1,SG,11,4.0516223,1264.9,am
ORNL,2008,3,amb,,1,SG,11,4.24776,1195.2,am
ORNL,2008,4,amb,,1,SG,11,3.7625658,1222.5,am
ORNL,2008,5,amb,,1,SG,11,3.7528072,959.3,am
POPFACE,2000,1,elev,,1,alba,2,19.61518512,3474.512228,ecm
POPFACE,2000,1,elev,,1,nigra,2,24.30421313,3672.324214,ecm
POPFACE,2000,1,elev,,1,eur,2,24.74832418,3500.295318,ecm
POPFACE,2000,4,elev,,2,alba,2,17.52836411,2687.958629,ecm
POPFACE,2000,4,elev,,2,nigra,2,21.44708838,3101.460024,ecm
POPFACE,2000,4,elev,,2,eur,2,22.42303253,3570.234399,ecm
POPFACE,2000,5,elev,,3,alba,2,15.57139427,2409.736771,ecm
POPFACE,2000,5,elev,,3,nigra,2,22.32836043,3276.133369,ecm
POPFACE,2000,5,elev,,3,eur,2,22.18029101,2912.229727,ecm
POPFACE,2000,2,amb,,1,alba,2,17.46866018,2191.891139,ecm
POPFACE,2000,2,amb,,1,nigra,2,23.99793803,2958.060161,ecm
POPFACE,2000,2,amb,,1,eur,2,19.29932895,2516.553381,ecm
POPFACE,2000,3,amb,,2,alba,2,17.88114682,2587.170456,ecm
POPFACE,2000,3,amb,,2,nigra,2,24.14144619,3167.886851,ecm
POPFACE,2000,3,amb,,2,eur,2,23.06289823,2551.143131,ecm
POPFACE,2000,6,amb,,3,alba,2,20.27763773,2483.344283,ecm
POPFACE,2000,6,amb,,3,nigra,2,30.15195188,3083.872249,ecm
POPFACE,2000,6,amb,,3,eur,2,21.09618152,2320.004587,ecm
POPFACE,2001,1,elev,,1,alba,3,30.09915487,5101.854355,ecm
POPFACE,2001,1,elev,,1,nigra,3,35.39636316,4945.960152,ecm
POPFACE,2001,1,elev,,1,eur,3,30.24857812,3613.318405,ecm
POPFACE,2001,4,elev,,2,alba,3,24.70430387,3429.045918,ecm
POPFACE,2001,4,elev,,2,nigra,3,39.11046273,5063.328758,ecm
POPFACE,2001,4,elev,,2,eur,3,30.42670505,4071.187035,ecm
POPFACE,2001,5,elev,,3,alba,3,29.2555986,4353.173194,ecm
POPFACE,2001,5,elev,,3,nigra,3,42.05247289,5482.263122,ecm
POPFACE,2001,5,elev,,3,eur,3,38.4205255,4290.465861,ecm
POPFACE,2001,2,amb,,1,alba,3,27.14556321,3178.678208,ecm
POPFACE,2001,2,amb,,1,nigra,3,38.24679204,4279.907692,ecm
POPFACE,2001,2,amb,,1,eur,3,28.66571589,3140.890216,ecm
POPFACE,2001,3,amb,,2,alba,3,25.69157873,3191.823497,ecm
POPFACE,2001,3,amb,,2,nigra,3,37.43098061,4205.000554,ecm
POPFACE,2001,3,amb,,2,eur,3,30.61786835,3200.588436,ecm
POPFACE,2001,6,amb,,3,alba,3,28.13663784,3160.70308,ecm
POPFACE,2001,6,amb,,3,nigra,3,45.92855582,4216.094485,ecm
POPFACE,2001,6,amb,,3,eur,3,35.23634819,3603.166634,ecm
DUKE,1997,1,A,,1,PITA,1,7.890941388,2024.106182,ecm
DUKE,1997,2,E,,1,PITA,1,9.602302759,2508.329532,ecm
DUKE,1997,3,E,,3,PITA,1,12.57731887,3325.040174,ecm
DUKE,1997,4,E,,2,PITA,1,9.691759884,2606.999087,ecm
DUKE,1997,5,A,,3,PITA,1,9.783016377,2582.673401,ecm
DUKE,1997,6,A,,2,PITA,1,8.648470947,2154.362775,ecm
DUKE,1998,1,A,,1,PITA,2,6.534175774,1811.01917,ecm
DUKE,1998,2,E,,1,PITA,2,8.79890691,2509.291941,ecm
DUKE,1998,3,E,,3,PITA,2,10.61113949,2846.392742,ecm
DUKE,1998,4,E,,2,PITA,2,8.045099695,2295.556636,ecm
DUKE,1998,5,A,,3,PITA,2,8.198559111,2290.986443,ecm
DUKE,1998,6,A,,2,PITA,2,7.025726894,1878.402053,ecm
DUKE,1999,1,A,,1,PITA,3,8.703562829,2395.944722,ecm
DUKE,1999,2,E,,1,PITA,3,10.28391207,3000.133305,ecm
DUKE,1999,3,E,,3,PITA,3,11.16017127,3251.659073,ecm
DUKE,1999,4,E,,2,PITA,3,10.80233948,3083.489473,ecm
DUKE,1999,5,A,,3,PITA,3,9.353084366,2487.955419,ecm
DUKE,1999,6,A,,2,PITA,3,8.936872531,2388.780211,ecm
DUKE,2000,1,A,,1,PITA,4,8.538087782,2532.651233,ecm
DUKE,2000,2,E,,1,PITA,4,10.29495776,3127.19567,ecm
DUKE,2000,3,E,,3,PITA,4,13.33540698,3557.568101,ecm
DUKE,2000,4,E,,2,PITA,4,9.72571803,3188.47129,ecm
DUKE,2000,5,A,,3,PITA,4,9.982122574,2694.586787,ecm
DUKE,2000,6,A,,2,PITA,4,8.477415126,2508.587856,ecm
DUKE,2001,1,A,,1,PITA,5,7.447332026,2064.901808,ecm
DUKE,2001,2,E,,1,PITA,5,8.652240387,2561.147001,ecm
DUKE,2001,3,E,,3,PITA,5,11.32954779,3136.844596,ecm
DUKE,2001,4,E,,2,PITA,5,8.889405486,2626.958521,ecm
DUKE,2001,5,A,,3,PITA,5,9.639093015,2471.781386,ecm
DUKE,2001,6,A,,2,PITA,5,7.864174698,2016.323638,ecm
DUKE,2002,1,A,,1,PITA,6,4.700851073,1250.26858,ecm
DUKE,2002,2,E,,1,PITA,6,6.249157855,1680.46075,ecm
DUKE,2002,3,E,,3,PITA,6,9.10659062,2639.144654,ecm
DUKE,2002,4,E,,2,PITA,6,5.025721173,1644.530939,ecm
DUKE,2002,5,A,,3,PITA,6,6.111413754,1666.267601,ecm
DUKE,2002,6,A,,2,PITA,6,4.678833981,1337.476673,ecm
DUKE,2003,1,A,,1,PITA,7,9.481180527,2138.056158,ecm
DUKE,2003,2,E,,1,PITA,7,9.871237432,2424.732838,ecm
DUKE,2003,3,E,,3,PITA,7,11.62806362,3047.98145,ecm
DUKE,2003,4,E,,2,PITA,7,11.06872085,2791.768845,ecm
DUKE,2003,5,A,,3,PITA,7,8.436874345,2069.172634,ecm
DUKE,2003,6,A,,2,PITA,7,8.384336506,1919.059377,ecm
DUKE,2004,1,A,,1,PITA,8,8.8322081,2058.74838,ecm
DUKE,2004,2,E,,1,PITA,8,11.02918895,2539.984877,ecm
DUKE,2004,3,E,,3,PITA,8,14.89540734,3459.078624,ecm
DUKE,2004,4,E,,2,PITA,8,12.85685515,2899.882658,ecm
DUKE,2004,5,A,,3,PITA,8,11.12214881,2500.468761,ecm
DUKE,2004,6,A,,2,PITA,8,9.317944639,2111.884019,ecm
DUKE,2005,1,A,,1,PITA,9,8.836945286,1940.883472,ecm
DUKE,2005,2,E,,1,PITA,9,10.31013961,2359.442667,ecm
DUKE,2005,3,E,,3,PITA,9,13.00852054,3425.09857,ecm
DUKE,2005,4,E,,2,PITA,9,8.405403628,2154.231993,ecm
DUKE,2005,5,A,,3,PITA,9,9.435028811,2249.837365,ecm
DUKE,2005,6,A,,2,PITA,9,6.694838432,1649.857139,ecm
ASPEN,1998,1,amb,,1,A,1,1.72,306.3,ecm
ASPEN,1998,2,amb,,2,A,1,2.11,382.5,ecm
ASPEN,1998,3,amb,,3,A,1,2.84,454.2,ecm
ASPEN,1998,4,elev,,1,A,1,2.2,406.4,ecm
ASPEN,1998,5,elev,,2,A,1,1.85,335.8,ecm
ASPEN,1998,6,elev,,3,A,1,2.57,472.8,ecm
ASPEN,1998,13,amb,,1,AB,1,1.13,213.8,ecm
ASPEN,1998,14,amb,,2,AB,1,1.16,221.8,ecm
ASPEN,1998,15,amb,,3,AB,1,2.16,376.8,ecm
ASPEN,1998,16,elev,,1,AB,1,2.07,344.3,ecm
ASPEN,1998,17,elev,,2,AB,1,1.48,280.5,ecm
ASPEN,1998,18,elev,,3,AB,1,2.04,367.6,ecm
ASPEN,1998,25,amb,,1,AM,1,0.58,110.5,ecm+am
ASPEN,1998,26,amb,,2,AM,1,0.63,107.8,ecm+am
ASPEN,1998,27,amb,,3,AM,1,0.83,129.2,ecm+am
ASPEN,1998,28,elev,,1,AM,1,1.31,227.4,ecm+am
ASPEN,1998,29,elev,,2,AM,1,0.74,148.1,ecm+am
ASPEN,1998,30,elev,,3,AM,1,1.03,189.6,ecm+am
ASPEN,1999,1,amb,,1,A,2,4.38,815.8,ecm
ASPEN,1999,2,amb,,2,A,2,4.64,889.7,ecm
ASPEN,1999,3,amb,,3,A,2,5.24,878.6,ecm
ASPEN,1999,4,elev,,1,A,2,6.34,1223,ecm
ASPEN,1999,5,elev,,2,A,2,5.37,1033.7,ecm
ASPEN,1999,6,elev,,3,A,2,5.44,1039.5,ecm
ASPEN,1999,13,amb,,1,AB,2,3.88,764.6,ecm
ASPEN,1999,14,amb,,2,AB,2,3.33,644.4,ecm
ASPEN,1999,15,amb,,3,AB,2,4.82,878.8,ecm
ASPEN,1999,16,elev,,1,AB,2,6.38,1157.2,ecm
ASPEN,1999,17,elev,,2,AB,2,5.22,1058.7,ecm
ASPEN,1999,18,elev,,3,AB,2,5.35,996.6,ecm
ASPEN,1999,25,amb,,1,AM,2,2.4,485,ecm+am
ASPEN,1999,26,amb,,2,AM,2,2.03,364.8,ecm+am
ASPEN,1999,27,amb,,3,AM,2,2.47,394.1,ecm+am
ASPEN,1999,28,elev,,1,AM,2,3.8,678.3,ecm+am
ASPEN,1999,29,elev,,2,AM,2,4.21,906.7,ecm+am
ASPEN,1999,30,elev,,3,AM,2,3.91,789.6,ecm+am
ASPEN,2000,1,amb,,1,A,3,3.71,614.4,ecm
ASPEN,2000,2,amb,,2,A,3,4.18,733,ecm
ASPEN,2000,3,amb,,3,A,3,4.18,652.1,ecm
ASPEN,2000,4,elev,,1,A,3,5.26,846.2,ecm
ASPEN,2000,5,elev,,2,A,3,4.71,829.3,ecm
ASPEN,2000,6,elev,,3,A,3,5.36,978.7,ecm
ASPEN,2000,13,amb,,1,AB,3,2.97,460,ecm
ASPEN,2000,14,amb,,2,AB,3,2.64,409.1,ecm
ASPEN,2000,15,amb,,3,AB,3,3.43,507.2,ecm
ASPEN,2000,16,elev,,1,AB,3,5.4,882,ecm
ASPEN,2000,17,elev,,2,AB,3,3.01,544.7,ecm
ASPEN,2000,18,elev,,3,AB,3,4.48,725,ecm
ASPEN,2000,25,amb,,1,AM,3,2.38,367.3,ecm+am
ASPEN,2000,26,amb,,2,AM,3,2.32,345.2,ecm+am
ASPEN,2000,27,amb,,3,AM,3,2.1,276.1,ecm+am
ASPEN,2000,28,elev,,1,AM,3,2.62,445.3,ecm+am
ASPEN,2000,29,elev,,2,AM,3,2.29,285.7,ecm+am
ASPEN,2000,30,elev,,3,AM,3,2.2,270.9,ecm+am
ASPEN,2001,1,amb,,1,A,4,4.43,724.8,ecm
ASPEN,2001,2,amb,,2,A,4,4.53,758.5,ecm
ASPEN,2001,3,amb,,3,A,4,5.12,819,ecm
ASPEN,2001,4,elev,,1,A,4,6.68,1093.4,ecm
ASPEN,2001,5,elev,,2,A,4,5.83,1034.8,ecm
ASPEN,2001,6,elev,,3,A,4,7.22,1384.9,ecm
ASPEN,2001,13,amb,,1,AB,4,4.13,661.9,ecm
ASPEN,2001,14,amb,,2,AB,4,3.56,558.3,ecm
ASPEN,2001,15,amb,,3,AB,4,4.99,801.7,ecm
ASPEN,2001,16,elev,,1,AB,4,9.87,1776.9,ecm
ASPEN,2001,17,elev,,2,AB,4,4.8,926.9,ecm
ASPEN,2001,18,elev,,3,AB,4,6.58,1113.1,ecm
ASPEN,2001,25,amb,,1,AM,4,2.73,451.2,ecm+am
ASPEN,2001,26,amb,,2,AM,4,2.59,379.5,ecm+am
ASPEN,2001,27,amb,,3,AM,4,3.58,404.9,ecm+am
ASPEN,2001,28,elev,,1,AM,4,4.64,718.6,ecm+am
ASPEN,2001,29,elev,,2,AM,4,3.41,635,ecm+am
ASPEN,2001,30,elev,,3,AM,4,3.78,597,ecm+am
ASPEN,2002,1,amb,,1,A,5,5.78,881.6,ecm
ASPEN,2002,2,amb,,2,A,5,6.29,1032.7,ecm
ASPEN,2002,3,amb,,3,A,5,6.31,953.3,ecm
ASPEN,2002,4,elev,,1,A,5,8.12,1288.3,ecm
ASPEN,2002,5,elev,,2,A,5,7.17,1232,ecm
ASPEN,2002,6,elev,,3,A,5,8.52,1650.9,ecm
ASPEN,2002,13,amb,,1,AB,5,5.85,786.4,ecm
ASPEN,2002,14,amb,,2,AB,5,4.8,693.5,ecm
ASPEN,2002,15,amb,,3,AB,5,5.84,815.2,ecm
ASPEN,2002,16,elev,,1,AB,5,8.2,1280.7,ecm
ASPEN,2002,17,elev,,2,AB,5,5.82,1037.9,ecm
ASPEN,2002,18,elev,,3,AB,5,7.95,1332.3,ecm
ASPEN,2002,25,amb,,1,AM,5,4.2,544.3,ecm+am
ASPEN,2002,26,amb,,2,AM,5,4.68,595.8,ecm+am
ASPEN,2002,27,amb,,3,AM,5,5.02,543,ecm+am
ASPEN,2002,28,elev,,1,AM,5,6.64,1029.3,ecm+am
ASPEN,2002,29,elev,,2,AM,5,5.7,858.4,ecm+am
ASPEN,2002,30,elev,,3,AM,5,6.63,917.7,ecm+am
ASPEN,2003,1,amb,,1,A,6,6.73,1081.9,ecm
ASPEN,2003,2,amb,,2,A,6,6.67,1105.4,ecm
ASPEN,2003,3,amb,,3,A,6,7.48,1078.9,ecm
ASPEN,2003,4,elev,,1,A,6,7.85,1392.9,ecm
ASPEN,2003,5,elev,,2,A,6,7.04,1134.9,ecm
ASPEN,2003,6,elev,,3,A,6,8.49,1617.8,ecm
ASPEN,2003,13,amb,,1,AB,6,5.62,795.5,ecm
ASPEN,2003,14,amb,,2,AB,6,5.29,766,ecm
ASPEN,2003,15,amb,,3,AB,6,5.62,844.9,ecm
ASPEN,2003,16,elev,,1,AB,6,8.18,1298.8,ecm
ASPEN,2003,17,elev,,2,AB,6,6.54,1141.5,ecm
ASPEN,2003,18,elev,,3,AB,6,7.21,1286.3,ecm
ASPEN,2003,25,amb,,1,AM,6,8.76,1347.3,ecm+am
ASPEN,2003,26,amb,,2,AM,6,7.32,1066.8,ecm+am
ASPEN,2003,27,amb,,3,AM,6,7.12,997.3,ecm+am
ASPEN,2003,28,elev,,1,AM,6,9.93,1823.4,ecm+am
ASPEN,2003,29,elev,,2,AM,6,9.03,1660.5,ecm+am
ASPEN,2003,30,elev,,3,AM,6,9.81,1581.4,ecm+am
ASPEN,2004,1,amb,,1,A,7,8.35,1122.3,ecm
ASPEN,2004,2,amb,,2,A,7,8.71,1253.3,ecm
ASPEN,2004,3,amb,,3,A,7,9.1,1244.9,ecm
ASPEN,2004,4,elev,,1,A,7,9.13,1348.4,ecm
ASPEN,2004,5,elev,,2,A,7,9.12,1352.5,ecm
ASPEN,2004,6,elev,,3,A,7,9.28,1667.9,ecm
ASPEN,2004,13,amb,,1,AB,7,6.16,845.9,ecm
ASPEN,2004,14,amb,,2,AB,7,7.19,906.2,ecm
ASPEN,2004,15,amb,,3,AB,7,7.6,1232.2,ecm
ASPEN,2004,16,elev,,1,AB,7,9.85,1493.6,ecm
ASPEN,2004,17,elev,,2,AB,7,8.96,1291.1,ecm
ASPEN,2004,18,elev,,3,AB,7,8.75,1459.7,ecm
ASPEN,2004,25,amb,,1,AM,7,7.32,1021.5,ecm+am
ASPEN,2004,26,amb,,2,AM,7,8.39,886.4,ecm+am
ASPEN,2004,27,amb,,3,AM,7,8.34,976.4,ecm+am
ASPEN,2004,28,elev,,1,AM,7,9.03,1137.2,ecm+am
ASPEN,2004,29,elev,,2,AM,7,10.7,1584.8,ecm+am
ASPEN,2004,30,elev,,3,AM,7,10.07,1299.9,ecm+am
ASPEN,2005,1,amb,,1,A,8,8.9,1233.2,ecm
ASPEN,2005,2,amb,,2,A,8,9.02,1267.5,ecm
ASPEN,2005,3,amb,,3,A,8,9.52,1214.2,ecm
ASPEN,2005,4,elev,,1,A,8,10.62,1590.2,ecm
ASPEN,2005,5,elev,,2,A,8,10.98,1618.1,ecm
ASPEN,2005,6,elev,,3,A,8,10.92,1736.1,ecm
ASPEN,2005,13,amb,,1,AB,8,6.49,853.8,ecm
ASPEN,2005,14,amb,,2,AB,8,6.62,932.5,ecm
ASPEN,2005,15,amb,,3,AB,8,7.65,1126.9,ecm
ASPEN,2005,16,elev,,1,AB,8,9.72,1403.7,ecm
ASPEN,2005,17,elev,,2,AB,8,9.55,1445.5,ecm
ASPEN,2005,18,elev,,3,AB,8,8.87,1473.1,ecm
ASPEN,2005,25,amb,,1,AM,8,7.44,1073.5,ecm+am
ASPEN,2005,26,amb,,2,AM,8,8.98,1124.8,ecm+am
ASPEN,2005,27,amb,,3,AM,8,8.1,1005.6,ecm+am
ASPEN,2005,28,elev,,1,AM,8,9.17,1318.2,ecm+am
ASPEN,2005,29,elev,,2,AM,8,11.82,1742.3,ecm+am
ASPEN,2005,30,elev,,3,AM,8,12.03,1770.8,ecm+am
ASPEN,2006,1,amb,,1,A,9,9.94,1353.8,ecm
ASPEN,2006,2,amb,,2,A,9,10.15,1339.8,ecm
ASPEN,2006,3,amb,,3,A,9,9.38,1182.8,ecm
ASPEN,2006,4,elev,,1,A,9,10.96,1754.6,ecm
ASPEN,2006,5,elev,,2,A,9,11.86,1854.7,ecm
ASPEN,2006,6,elev,,3,A,9,11.6,1855.9,ecm
ASPEN,2006,13,amb,,1,AB,9,7.46,1053.3,ecm
ASPEN,2006,14,amb,,2,AB,9,7.69,1115.6,ecm
ASPEN,2006,15,amb,,3,AB,9,9.26,1477.8,ecm
ASPEN,2006,16,elev,,1,AB,9,11.96,1661.9,ecm
ASPEN,2006,17,elev,,2,AB,9,10.99,1712.7,ecm
ASPEN,2006,18,elev,,3,AB,9,11.04,1890.2,ecm
ASPEN,2006,25,amb,,1,AM,9,6.51,823.2,ecm+am
ASPEN,2006,26,amb,,2,AM,9,9.51,1153.2,ecm+am
ASPEN,2006,27,amb,,3,AM,9,7.73,911.4,ecm+am
ASPEN,2006,28,elev,,1,AM,9,9.54,1388.6,ecm+am
ASPEN,2006,29,elev,,2,AM,9,10.55,1305,ecm+am
ASPEN,2006,30,elev,,3,AM,9,9.92,1252.5,ecm+am
ASPEN,2007,1,amb,,1,A,10,11.63,1866.7,ecm
ASPEN,2007,2,amb,,2,A,10,11.85,1834.8,ecm
ASPEN,2007,3,amb,,3,A,10,10.74,1717.9,ecm
ASPEN,2007,4,elev,,1,A,10,10.08,1653.2,ecm
ASPEN,2007,5,elev,,2,A,10,12.32,2139.2,ecm
ASPEN,2007,6,elev,,3,A,10,12.21,2318.7,ecm
ASPEN,2007,13,amb,,1,AB,10,8.39,1421.4,ecm
ASPEN,2007,14,amb,,2,AB,10,8.8,1467.6,ecm
ASPEN,2007,15,amb,,3,AB,10,10.9,1802.3,ecm
ASPEN,2007,16,elev,,1,AB,10,12.01,1628.3,ecm
ASPEN,2007,17,elev,,2,AB,10,10.74,1680.2,ecm
ASPEN,2007,18,elev,,3,AB,10,12.41,1939.2,ecm
ASPEN,2007,25,amb,,1,AM,10,7.74,1334.1,ecm+am
ASPEN,2007,26,amb,,2,AM,10,11.74,1585.4,ecm+am
ASPEN,2007,27,amb,,3,AM,10,8.89,1276.4,ecm+am
ASPEN,2007,28,elev,,1,AM,10,9.5,1459.6,ecm+am
ASPEN,2007,29,elev,,2,AM,10,10.55,1726.4,ecm+am
ASPEN,2007,30,elev,,3,AM,10,10.13,1735.8,ecm+am
ASPEN,2008,1,amb,,1,A,11,12.35,1914.9,ecm
ASPEN,2008,2,amb,,2,A,11,12.25,1772.1,ecm
ASPEN,2008,3,amb,,3,A,11,10.93,1439.8,ecm
ASPEN,2008,4,elev,,1,A,11,10.75,1789,ecm
ASPEN,2008,5,elev,,2,A,11,13.14,2159.6,ecm
ASPEN,2008,6,elev,,3,A,11,11.25,1890.2,ecm
ASPEN,2008,13,amb,,1,AB,11,7.7,1140.7,ecm
ASPEN,2008,14,amb,,2,AB,11,8.51,1384.9,ecm
ASPEN,2008,15,amb,,3,AB,11,10.58,1517.7,ecm
ASPEN,2008,16,elev,,1,AB,11,13.12,1703.8,ecm
ASPEN,2008,17,elev,,2,AB,11,10.37,1719.9,ecm
ASPEN,2008,18,elev,,3,AB,11,12,1736.6,ecm
ASPEN,2008,25,amb,,1,AM,11,8.17,1399.3,ecm+am
ASPEN,2008,26,amb,,2,AM,11,11.62,1499.9,ecm+am
ASPEN,2008,27,amb,,3,AM,11,8.4,1281.1,ecm+am
ASPEN,2008,28,elev,,1,AM,11,10.55,1672.5,ecm+am
ASPEN,2008,29,elev,,2,AM,11,10.42,1835,ecm+am
ASPEN,2008,30,elev,,3,AM,11,10.23,1779.6,ecm+am
BioCON,1998,2,Camb,lo,,,1,9.567877884,1029.846167,am
BioCON,1998,4,Camb,lo,,,1,9.739059078,1081.007656,am
BioCON,1998,6,Camb,lo,,,1,10.03683103,1123.872656,am
BioCON,1998,1,Cenrich,lo,,,1,10.86688038,1298.7465,am
BioCON,1998,3,Cenrich,lo,,,1,8.917745446,1220.543387,am
BioCON,1998,5,Cenrich,lo,,,1,10.14034295,1124.991935,am
BioCON,1999,2,Camb,lo,,,2,6.808646753,734.8232912,am
BioCON,1999,4,Camb,lo,,,2,7.403784652,744.003984,am
BioCON,1999,6,Camb,lo,,,2,7.145524929,753.8949094,am
BioCON,1999,1,Cenrich,lo,,,2,7.792659566,887.590971,am
BioCON,1999,3,Cenrich,lo,,,2,6.891909168,885.36691,am
BioCON,1999,5,Cenrich,lo,,,2,7.250020664,838.1477242,am
BioCON,2000,2,Camb,lo,,,3,6.768981943,691.6887215,am
BioCON,2000,4,Camb,lo,,,3,7.360021078,690.4429124,am
BioCON,2000,6,Camb,lo,,,3,7.991577279,798.3576202,am
BioCON,2000,1,Cenrich,lo,,,3,8.490939158,890.4831889,am
BioCON,2000,3,Cenrich,lo,,,3,8.596594525,789.7443445,am
BioCON,2000,5,Cenrich,lo,,,3,8.750215958,786.3449265,am
BioCON,2001,2,Camb,lo,,,4,8.841177951,680.0700308,am
BioCON,2001,4,Camb,lo,,,4,8.668295166,704.2573151,am
BioCON,2001,6,Camb,lo,,,4,8.656605143,785.1782278,am
BioCON,2001,1,Cenrich,lo,,,4,7.863628292,764.3955921,am
BioCON,2001,3,Cenrich,lo,,,4,8.091147919,719.2590624,am
BioCON,2001,5,Cenrich,lo,,,4,8.965525718,780.9962862,am
BioCON,2002,2,Camb,lo,,,5,8.326996022,601.02346,am
BioCON,2002,4,Camb,lo,,,5,6.990564948,645.2884134,am
BioCON,2002,6,Camb,lo,,,5,8.019725809,676.2432718,am
BioCON,2002,1,Cenrich,lo,,,5,9.925000168,715.4323063,am
BioCON,2002,3,Cenrich,lo,,,5,7.081876044,618.4410593,am
BioCON,2002,5,Cenrich,lo,,,5,9.949595532,781.1118205,am
BioCON,2003,2,Camb,lo,,,6,6.817530354,597.7417753,am
BioCON,2003,4,Camb,lo,,,6,7.130823098,592.6299321,am
BioCON,2003,6,Camb,lo,,,6,8.672052208,608.7123567,am
BioCON,2003,1,Cenrich,lo,,,6,8.627410701,697.7549076,am
BioCON,2003,3,Cenrich,lo,,,6,7.870634911,617.5333449,am
BioCON,2003,5,Cenrich,lo,,,6,9.653870639,702.5386076,am
BioCON,2004,2,Camb,lo,,,7,5.811485812,560.7128351,am
BioCON,2004,4,Camb,lo,,,7,7.452175463,603.8953072,am
BioCON,2004,6,Camb,lo,,,7,6.251963614,533.5627637,am
BioCON,2004,1,Cenrich,lo,,,7,7.978521498,734.0505598,am
BioCON,2004,3,Cenrich,lo,,,7,7.344166995,712.6925966,am
BioCON,2004,5,Cenrich,lo,,,7,8.317467784,738.2886116,am
BioCON,2005,2,Camb,lo,,,8,10.2954494,708.1858035,am
BioCON,2005,4,Camb,lo,,,8,9.47149564,710.1452507,am
BioCON,2005,6,Camb,lo,,,8,8.720946699,668.2204786,am
BioCON,2005,1,Cenrich,lo,,,8,12.65186791,807.1727989,am
BioCON,2005,3,Cenrich,lo,,,8,10.13451728,819.8584913,am
BioCON,2005,5,Cenrich,lo,,,8,10.57801206,840.9477634,am
BioCON,2006,2,Camb,lo,,,9,8.670560017,639.1452252,am
BioCON,2006,4,Camb,lo,,,9,8.889537102,691.8153085,am
BioCON,2006,6,Camb,lo,,,9,7.92723248,623.33985,am
BioCON,2006,1,Cenrich,lo,,,9,9.781065627,784.0626834,am
BioCON,2006,3,Cenrich,lo,,,9,8.242698064,696.5646969,am
BioCON,2006,5,Cenrich,lo,,,9,8.742270184,730.6151658,am
BioCON,2007,2,Camb,lo,,,10,6.925296017,581.2467145,am
BioCON,2007,4,Camb,lo,,,10,6.725953007,591.4287455,am
BioCON,2007,6,Camb,lo,,,10,6.981829725,662.1899238,am
BioCON,2007,1,Cenrich,lo,,,10,7.550585894,739.9040711,am
BioCON,2007,3,Cenrich,lo,,,10,8.732765577,764.4193094,am
BioCON,2007,5,Cenrich,lo,,,10,8.601174505,794.4291113,am
BioCON,2008,2,Camb,lo,,,11,8.24166775,637.1118207,am
BioCON,2008,4,Camb,lo,,,11,8.176579614,576.0078888,am
BioCON,2008,6,Camb,lo,,,11,7.146925767,592.6477306,am
BioCON,2008,1,Cenrich,lo,,,11,8.08595572,679.2863204,am
BioCON,2008,3,Cenrich,lo,,,11,8.443087633,703.4625943,am
BioCON,2008,5,Cenrich,lo,,,11,6.991663987,645.7053614,am
BioCON,2009,2,Camb,lo,,,12,8.289187396,567.1129318,am
BioCON,2009,4,Camb,lo,,,12,6.808539297,594.4957137,am
BioCON,2009,6,Camb,lo,,,12,7.974151446,592.2953233,am
BioCON,2009,1,Cenrich,lo,,,12,8.032598263,561.7927008,am
BioCON,2009,3,Cenrich,lo,,,12,9.488115484,666.6235708,am
BioCON,2009,5,Cenrich,lo,,,12,8.043628241,574.9950495,am
BioCON,2010,2,Camb,lo,,,13,7.606543875,604.6212767,am
BioCON,2010,4,Camb,lo,,,13,8.487223017,543.4999047,am
BioCON,2010,6,Camb,lo,,,13,7.782985817,551.3776207,am
BioCON,2010,1,Cenrich,lo,,,13,8.713007588,680.981439,am
BioCON,2010,3,Cenrich,lo,,,13,9.237305011,686.0224109,am
BioCON,2010,5,Cenrich,lo,,,13,6.917415958,537.2303348,am
BioCON,2011,2,Camb,lo,,,14,7.485666953,548.5718867,am
BioCON,2011,4,Camb,lo,,,14,8.597274533,656.7662154,am
BioCON,2011,6,Camb,lo,,,14,7.768655483,560.7658112,am
BioCON,2011,1,Cenrich,lo,,,14,8.735206427,641.6000165,am
BioCON,2011,3,Cenrich,lo,,,14,9.184529452,701.3025381,am
BioCON,2011,5,Cenrich,lo,,,14,8.066456077,627.8999856,am
BioCON,2012,2,Camb,lo,,,15,5.845516884,582.2130803,am
BioCON,2012,4,Camb,lo,,,15,5.654947457,540.3560953,am
BioCON,2012,6,Camb,lo,,,15,4.749674651,511.9874485,am
BioCON,2012,1,Cenrich,lo,,,15,5.077701603,563.3627932,am
BioCON,2012,3,Cenrich,lo,,,15,6.390017701,666.7267518,am
BioCON,2012,5,Cenrich,lo,,,15,5.433695394,624.0372267,am
BioCON,2013,2,Camb,lo,,,16,6.141683771,632.7713345,am
BioCON,2013,4,Camb,lo,,,16,8.376926471,806.5689913,am
BioCON,2013,6,Camb,lo,,,16,7.613684051,742.8553379,am
BioCON,2013,1,Cenrich,lo,,,16,7.187783173,875.5944249,am
BioCON,2013,3,Cenrich,lo,,,16,9.13320883,916.2218141,am
BioCON,2013,5,Cenrich,lo,,,16,8.116241796,847.1549627,am
BioCON,1998,2,Camb,hi,,,1,12.93653213,1127.625781,am
BioCON,1998,4,Camb,hi,,,1,12.34868796,1220.3575,am
BioCON,1998,6,Camb,hi,,,1,12.94931625,1301.450161,am
BioCON,1998,1,Cenrich,hi,,,1,14.16266336,1381.922097,am
BioCON,1998,3,Cenrich,hi,,,1,11.31350693,1202.869677,am
BioCON,1998,5,Cenrich,hi,,,1,12.68136354,1415.5955,am
BioCON,1999,2,Camb,hi,,,2,10.15337694,858.3442732,am
BioCON,1999,4,Camb,hi,,,2,9.948408527,874.9191483,am
BioCON,1999,6,Camb,hi,,,2,9.302630871,825.304958,am
BioCON,1999,1,Cenrich,hi,,,2,9.852134373,973.1228146,am
BioCON,1999,3,Cenrich,hi,,,2,9.39593234,956.2447727,am
BioCON,1999,5,Cenrich,hi,,,2,9.65021354,1000.481005,am
BioCON,2000,2,Camb,hi,,,3,9.329298886,834.4790367,am
BioCON,2000,4,Camb,hi,,,3,8.484169235,845.1286749,am
BioCON,2000,6,Camb,hi,,,3,10.51641489,980.8562164,am
BioCON,2000,1,Cenrich,hi,,,3,9.490987772,943.7132099,am
BioCON,2000,3,Cenrich,hi,,,3,9.574066603,981.3822447,am
BioCON,2000,5,Cenrich,hi,,,3,9.571250991,959.6696939,am
BioCON,2001,2,Camb,hi,,,4,13.04565522,989.1749141,am
BioCON,2001,4,Camb,hi,,,4,12.69480828,949.3949078,am
BioCON,2001,6,Camb,hi,,,4,12.85053131,1065.264343,am
BioCON,2001,1,Cenrich,hi,,,4,12.85616047,1082.808485,am
BioCON,2001,3,Cenrich,hi,,,4,12.77296312,1066.409669,am
BioCON,2001,5,Cenrich,hi,,,4,12.5515658,1096.400469,am
BioCON,2002,2,Camb,hi,,,5,10.14050066,757.5111057,am
BioCON,2002,4,Camb,hi,,,5,9.33331331,805.2652763,am
BioCON,2002,6,Camb,hi,,,5,10.2640459,895.5292001,am
BioCON,2002,1,Cenrich,hi,,,5,11.99105375,929.4528205,am
BioCON,2002,3,Cenrich,hi,,,5,12.8824452,983.6659222,am
BioCON,2002,5,Cenrich,hi,,,5,13.10022412,1041.328857,am
BioCON,2003,2,Camb,hi,,,6,9.686322156,697.8522093,am
BioCON,2003,4,Camb,hi,,,6,10.07479736,761.9602787,am
BioCON,2003,6,Camb,hi,,,6,11.699442,804.8705823,am
BioCON,2003,1,Cenrich,hi,,,6,11.1994166,881.9241842,am
BioCON,2003,3,Cenrich,hi,,,6,13.66327845,1022.219441,am
BioCON,2003,5,Cenrich,hi,,,6,12.70541058,945.0137404,am
BioCON,2004,2,Camb,hi,,,7,9.597509443,752.7772341,am
BioCON,2004,4,Camb,hi,,,7,8.54332125,755.0911364,am
BioCON,2004,6,Camb,hi,,,7,9.912441856,845.4554466,am
BioCON,2004,1,Cenrich,hi,,,7,12.18804415,1025.939046,am
BioCON,2004,3,Cenrich,hi,,,7,11.01712548,947.2129374,am
BioCON,2004,5,Cenrich,hi,,,7,10.01645775,940.0846639,am
BioCON,2005,2,Camb,hi,,,8,12.91126276,880.0731125,am
BioCON,2005,4,Camb,hi,,,8,10.58870281,890.8531627,am
BioCON,2005,6,Camb,hi,,,8,12.31396177,917.5300219,am
BioCON,2005,1,Cenrich,hi,,,8,13.81035014,1072.889061,am
BioCON,2005,3,Cenrich,hi,,,8,14.45447424,1113.573702,am
BioCON,2005,5,Cenrich,hi,,,8,11.24328527,1029.685732,am
BioCON,2006,2,Camb,hi,,,9,10.97966427,796.702924,am
BioCON,2006,4,Camb,hi,,,9,11.90392797,825.163526,am
BioCON,2006,6,Camb,hi,,,9,11.56634962,776.5063234,am
BioCON,2006,1,Cenrich,hi,,,9,12.25394917,917.2037578,am
BioCON,2006,3,Cenrich,hi,,,9,12.5919121,979.001501,am
BioCON,2006,5,Cenrich,hi,,,9,11.57958894,898.7827404,am
BioCON,2007,2,Camb,hi,,,10,10.39073907,773.1537179,am
BioCON,2007,4,Camb,hi,,,10,7.735878593,732.9263452,am
BioCON,2007,6,Camb,hi,,,10,7.828750798,773.0571491,am
BioCON,2007,1,Cenrich,hi,,,10,10.74235317,905.2802882,am
BioCON,2007,3,Cenrich,hi,,,10,11.9125623,984.5315828,am
BioCON,2007,5,Cenrich,hi,,,10,10.20766914,1033.771751,am
BioCON,2008,2,Camb,hi,,,11,11.05986004,855.3469172,am
BioCON,2008,4,Camb,hi,,,11,8.813492556,725.7904353,am
BioCON,2008,6,Camb,hi,,,11,10.49451172,724.2564143,am
BioCON,2008,1,Cenrich,hi,,,11,12.27597879,938.1198881,am
BioCON,2008,3,Cenrich,hi,,,11,13.24187353,1004.645273,am
BioCON,2008,5,Cenrich,hi,,,11,10.22541217,894.227785,am
BioCON,2009,2,Camb,hi,,,12,11.34651571,646.3061469,am
BioCON,2009,4,Camb,hi,,,12,8.521337969,576.5614302,am
BioCON,2009,6,Camb,hi,,,12,11.2131928,671.8039572,am
BioCON,2009,1,Cenrich,hi,,,12,12.87253793,734.3263281,am
BioCON,2009,3,Cenrich,hi,,,12,12.60674564,748.925157,am
BioCON,2009,5,Cenrich,hi,,,12,9.901544705,646.0133471,am
BioCON,2010,2,Camb,hi,,,13,11.61700514,773.3292838,am
BioCON,2010,4,Camb,hi,,,13,9.849376658,669.2822605,am
BioCON,2010,6,Camb,hi,,,13,10.79434476,716.5835043,am
BioCON,2010,1,Cenrich,hi,,,13,12.53040415,817.1390083,am
BioCON,2010,3,Cenrich,hi,,,13,9.712152641,724.1184387,am
BioCON,2010,5,Cenrich,hi,,,13,9.122918004,634.5557269,am
BioCON,2011,2,Camb,hi,,,14,12.77560548,791.9670065,am
BioCON,2011,4,Camb,hi,,,14,10.67352478,715.299451,am
BioCON,2011,6,Camb,hi,,,14,10.51373346,712.6497849,am
BioCON,2011,1,Cenrich,hi,,,14,11.28903813,704.6686581,am
BioCON,2011,3,Cenrich,hi,,,14,13.43881498,905.6492489,am
BioCON,2011,5,Cenrich,hi,,,14,9.779687124,712.2393526,am
BioCON,2012,2,Camb,hi,,,15,8.043331668,707.2879177,am
BioCON,2012,4,Camb,hi,,,15,6.917294352,683.6850825,am
BioCON,2012,6,Camb,hi,,,15,7.486309213,704.0170553,am
BioCON,2012,1,Cenrich,hi,,,15,7.012573937,726.9218354,am
BioCON,2012,3,Cenrich,hi,,,15,8.818929253,835.3674129,am
BioCON,2012,5,Cenrich,hi,,,15,8.867302574,866.5012959,am
BioCON,2013,2,Camb,hi,,,16,10.5280734,805.3227434,am
BioCON,2013,4,Camb,hi,,,16,9.43880795,815.8316975,am
BioCON,2013,6,Camb,hi,,,16,10.20117844,861.9945621,am
BioCON,2013,1,Cenrich,hi,,,16,10.25867873,897.9905313,am
BioCON,2013,3,Cenrich,hi,,,16,12.17124605,1110.839825,am
BioCON,2013,5,Cenrich,hi,,,16,10.43182955,1016.479567,am